URN,LANAME,LA,ESTAB,LAESTAB,SCHNAME,STREET,LOCALITY,ADDRESS3,TOWN,POSTCODE,SCHSTATUS,OPENDATE,CLOSEDATE,MINORGROUP,SCHOOLTYPE,ISPRIMARY,ISSECONDARY,ISPOST16,AGELOW,AGEHIGH,GENDER,RELCHAR,ADMPOL
122155,Warwickshire,937,7020,9377020,RNIB Pears Centre for Specialist Learning,Wheelwright Lane,,,Coventry,CV7 9RA,Closed,,07-11-2018,Special school,Non-maintained special school,1,1,1,4,19,Mixed,Does not apply,Not applicable
125500,Warwickshire,937,2001,9372001,Nursery Hill Primary School,Ansley Common,,,Nuneaton,CV10 0PY,Open,,,Maintained school,Community school,1,0,0,3,11,Mixed,Does not apply,Not applicable
125507,Warwickshire,937,2017,9372017,Claverdon Primary School,Breach Lane,Claverdon,,Warwick,CV35 8QA,Open,,,Maintained school,Community school,1,0,0,4,11,Mixed,Does not apply,Not applicable
125510,Warwickshire,937,2021,9372021,Wheelwright Lane Primary School,Wheelwright Lane,Ash Green,,Coventry,CV7 9HN,Open,,,Maintained school,Community school,1,0,0,2,11,Mixed,Does not apply,Not applicable
125511,Warwickshire,937,2024,9372024,Great Alne Primary School,School Road,Great Alne,,Alcester,B49 6HQ,Open,,,Maintained school,Community school,1,0,0,4,11,Mixed,Does not apply,Not applicable
125512,Warwickshire,937,2028,9372028,Michael Drayton Junior School,The Woodlands,Hartshill,,Nuneaton,CV10 0SZ,Open,,,Maintained school,Community school,1,0,0,7,11,Mixed,Does not apply,Not applicable
125513,Warwickshire,937,2029,9372029,Nathaniel Newton Infant School,Victoria Road,Hartshill,,Nuneaton,CV10 0LS,Open,,,Maintained school,Community school,1,0,0,4,7,Mixed,Does not apply,Not applicable
125515,Warwickshire,937,2032,9372032,Hurley Primary School,Heanley Lane,Hurley,,Atherstone,CV9 2HY,Open,,,Maintained school,Community school,1,0,0,4,11,Mixed,Does not apply,Not applicable
125519,Warwickshire,937,2043,9372043,Quinton Primary School,,Lower Quinton,,Stratford-upon-Avon,CV37 8SA,Open,,,Maintained school,Community school,1,0,0,3,11,Mixed,Does not apply,Not applicable
125521,Warwickshire,937,2046,9372046,Snitterfield Primary School,School Road,Snitterfield,,Stratford-upon-Avon,CV37 0JL,Open,,,Maintained school,Community school,1,0,0,4,11,Mixed,Does not apply,Not applicable
125525,Warwickshire,937,2052,9372052,Thomas Jolyffe Primary School,Clopton Road,,,Stratford-upon-Avon,CV37 6TE,Open,,,Maintained school,Community school,1,0,0,4,11,Mixed,Does not apply,Not applicable
125526,Warwickshire,937,2053,9372053,Bridgetown Primary School,Byron Road,,,Stratford-upon-Avon,CV37 7JP,Open,,,Maintained school,Community school,1,0,0,4,11,Mixed,Does not apply,Not applicable
125527,Warwickshire,937,2055,9372055,Studley Community Infants' School,High Street,,,Studley,B80 7HJ,Closed,,31-03-2021,Maintained school,Community school,1,0,0,3,7,Mixed,Does not apply,Not applicable
125528,Warwickshire,937,2058,9372058,Welford-on-Avon Primary School,Headland Road,Welford-on-Avon,,Stratford-upon-Avon,CV37 8ER,Open,,,Maintained school,Community school,1,0,0,3,11,Mixed,Does not apply,Not applicable
125530,Warwickshire,937,2064,9372064,Lighthorne Heath Primary School,Stratford Road,Lighthorne Heath,,Leamington Spa,CV33 9TW,Open,,,Maintained school,Community school,1,0,0,3,11,Mixed,Does not apply,Not applicable
125537,Warwickshire,937,2103,9372103,Chilvers Coton Community Infant School,Fitton Street,,,Nuneaton,CV11 5RB,Open,,,Maintained school,Community school,1,0,0,3,7,Mixed,Does not apply,Not applicable
125539,Warwickshire,937,2107,9372107,Galley Common Infant School,Plough Hill Road,Galley Common,,Nuneaton,CV10 9NZ,Open,,,Maintained school,Community school,1,0,0,4,7,Mixed,Does not apply,Not applicable
125543,Warwickshire,937,2121,9372121,Stockingford Primary School,Cross Street,,,Nuneaton,CV10 8JH,Closed,,31-08-2019,Maintained school,Community school,1,0,0,4,11,Mixed,Does not apply,Not applicable
125545,Warwickshire,937,2123,9372123,Whitestone Infant School,Magyar Crescent,,,Nuneaton,CV11 4SQ,Open,,,Maintained school,Community school,1,0,0,4,7,Mixed,Does not apply,Not applicable
125550,Warwickshire,937,2307,9372307,Thorns Community Infant School,Blackthorn Road,,,Kenilworth,CV8 2DS,Open,,,Maintained school,Community school,1,0,0,4,7,Mixed,Does not apply,Not applicable
125551,Warwickshire,937,2308,9372308,Clinton Primary School,Caesar Road,,,Kenilworth,CV8 1DL,Open,,,Maintained school,Community school,1,0,0,4,11,Mixed,Does not apply,Not applicable
125552,Warwickshire,937,2309,9372309,Park Hill Junior School,Parkfield Drive,,,Kenilworth,CV8 2JJ,Open,,,Maintained school,Community school,1,0,0,7,11,Mixed,Does not apply,Not applicable
125554,Warwickshire,937,2312,9372312,Clapham Terrace Community Primary School and Nursery,Clapham Terrace,,,Leamington Spa,CV31 1HZ,Open,,,Maintained school,Community school,1,0,0,3,11,Mixed,Does not apply,Not applicable
125556,Warwickshire,937,2315,9372315,Telford Junior School,Telford Avenue,Lillington,,Leamington Spa,CV32 7HP,Open,,,Maintained school,Community school,1,0,0,7,11,Mixed,Does not apply,Not applicable
125559,Warwickshire,937,2322,9372322,Westgate Primary School,Bowling Green Street,,,Warwick,CV34 4DD,Open,,,Maintained school,Community school,1,0,0,4,11,Mixed,Does not apply,Not applicable
125560,Warwickshire,937,2324,9372324,Whitnash Primary School,Langley Road,Whitnash,,Leamington Spa,CV31 2EX,Open,,,Maintained school,Community school,1,0,0,4,11,Mixed,Does not apply,Not applicable
125561,Warwickshire,937,2325,9372325,Newburgh Primary School,Kipling Avenue,,,Warwick,CV34 6LD,Open,,,Maintained school,Community school,1,0,0,4,11,Mixed,Does not apply,Not applicable
125562,Warwickshire,937,2326,9372326,Telford Infant School,Kelvin Road,Lillington,,Leamington Spa,CV32 7TE,Open,,,Maintained school,Community school,1,0,0,4,7,Mixed,Does not apply,Not applicable
125563,Warwickshire,937,2327,9372327,Briar Hill Infant School,Coppice Road,Whitnash,,Leamington Spa,CV31 2JF,Open,,,Maintained school,Community school,1,0,0,4,7,Mixed,Does not apply,Not applicable
125565,Warwickshire,937,2330,9372330,Brookhurst Primary School,Ullswater Avenue,,,Leamington Spa,CV32 6NH,Open,,,Maintained school,Community school,1,0,0,4,11,Mixed,Does not apply,Not applicable
125566,Warwickshire,937,2332,9372332,Emscote Infant School,All Saints Road,,,Warwick,CV34 5NH,Open,,,Maintained school,Community school,1,0,0,4,7,Mixed,Does not apply,Not applicable
125570,Warwickshire,937,2405,9372405,Long Lawford Primary School,Holbrook Road,Long Lawford,,Rugby,CV23 9AL,Open,,,Maintained school,Community school,1,0,0,3,11,Mixed,Does not apply,Not applicable
125573,Warwickshire,937,2410,9372410,Abbots Farm Infant School,Abbotts Way,,,Rugby,CV21 4AP,Open,,,Maintained school,Community school,1,0,0,3,7,Mixed,Does not apply,Not applicable
125575,Warwickshire,937,2415,9372415,Eastlands Primary School,Lansdowne Place,,,Rugby,CV21 3RY,Open,,,Maintained school,Community school,1,0,0,3,11,Mixed,Does not apply,Not applicable
125576,Warwickshire,937,2417,9372417,Northlands Primary School,Pinders Lane,,,Rugby,CV21 2SS,Open,,,Maintained school,Community school,1,0,0,4,11,Mixed,Does not apply,Not applicable
125579,Warwickshire,937,2420,9372420,Bilton Infant School,Magnet Lane,Bilton,,Rugby,CV22 7NH,Open,,,Maintained school,Community school,1,0,0,4,7,Mixed,Does not apply,Not applicable
125580,Warwickshire,937,2421,9372421,Abbots Farm Junior School,Abbotts Way,,,Rugby,CV21 4AP,Open,,,Maintained school,Community school,1,0,0,7,11,Mixed,Does not apply,Not applicable
125581,Warwickshire,937,2423,9372423,Bawnmore Community Infant School,Bawnmore Road,,,Rugby,CV22 6JS,Open,,,Maintained school,Community school,1,0,0,4,7,Mixed,Does not apply,Not applicable
125583,Warwickshire,937,2502,9372502,Curdworth Primary School,Farthing Lane,Curdworth,,Sutton Coldfield,B76 9HF,Closed,,31-10-2018,Maintained school,Community school,1,0,0,4,11,Mixed,Does not apply,Not applicable
125584,Warwickshire,937,2569,9372569,High Meadow Community School,High Meadow Community School,Norton Road,,Coleshill,B46 1ES,Open,,,Maintained school,Community school,1,0,0,4,11,Mixed,Does not apply,Not applicable
125585,Warwickshire,937,2571,9372571,Exhall Junior School,Hayes Lane,Exhall,,Coventry,CV7 9NS,Open,,,Maintained school,Community school,1,0,0,7,11,Mixed,Does not apply,Not applicable
125591,Warwickshire,937,2581,9372581,Chetwynd Junior School,Gipsy Lane,,,Nuneaton,CV11 4SE,Open,,,Maintained school,Community school,1,0,0,7,11,Mixed,Does not apply,Not applicable
125595,Warwickshire,937,2585,9372585,Glendale Infant School,Skye Close,,,Nuneaton,CV10 7LW,Open,,,Maintained school,Community school,1,0,0,4,7,Mixed,Does not apply,Not applicable
125598,Warwickshire,937,2590,9372590,Boughton Leigh Junior School,Wetherell Way,Brownsover,,Rugby,CV21 1LT,Open,,,Maintained school,Community school,1,0,0,7,11,Mixed,Does not apply,Not applicable
125603,Warwickshire,937,2598,9372598,Boughton Leigh Infant School,Wetherall Way,Brownsover,,Rugby,CV21 1LT,Open,,,Maintained school,Community school,1,0,0,3,7,Mixed,Does not apply,Not applicable
125605,Warwickshire,937,2601,9372601,Croft Junior School,Northumberland Avenue,Stockingford,,Nuneaton,CV10 8ER,Open,,,Maintained school,Community school,1,0,0,7,11,Mixed,Does not apply,Not applicable
125607,Warwickshire,937,2603,9372603,Bishopton Primary School,Drayton Avenue,,,Stratford-upon-Avon,CV37 9PB,Open,,,Maintained school,Community school,1,0,0,5,11,Mixed,Does not apply,Not applicable
125609,Warwickshire,937,2605,9372605,Priors Field Primary School,Clinton Lane,,,Kenilworth,CV8 1BA,Open,,,Maintained school,Community school,1,0,0,4,11,Mixed,Does not apply,Not applicable
125610,Warwickshire,937,2606,9372606,Milverton Primary School,Greatheed Road,,,Leamington Spa,CV32 6ES,Open,,,Maintained school,Community school,1,0,0,4,11,Mixed,Does not apply,Not applicable
125613,Warwickshire,937,2610,9372610,Temple Herdewyke Primary School,Falkland Place,Temple Herdewyke,,Southam,CV47 2UD,Closed,,31-01-2019,Maintained school,Community school,1,0,0,4,11,Mixed,Does not apply,Not applicable
125616,Warwickshire,937,2614,9372614,Race Leys Infant School,Hurst Road,,,Bedworth,CV12 8AD,Open,,,Maintained school,Community school,1,0,0,4,7,Mixed,Does not apply,Not applicable
125618,Warwickshire,937,2616,9372616,Brownsover Community Infant School,Webb Drive,Brownsover,,Rugby,CV23 0UP,Open,,,Maintained school,Community school,1,0,0,3,7,Mixed,Does not apply,Not applicable
125620,Warwickshire,937,2618,9372618,Water Orton Primary School,Plank Lane,Water Orton,,Birmingham,B46 1SG,Open,,,Maintained school,Community school,1,0,0,4,11,Mixed,Does not apply,Not applicable
125623,Warwickshire,937,3002,9373002,Alveston CofE Primary School,Knights Lane,Tiddington,,Stratford-upon-Avon,CV37 7BZ,Open,,,Maintained school,Voluntary controlled school,1,0,0,4,11,Mixed,Church of England,Non-selective
125625,Warwickshire,937,3011,9373011,Bidford-on-Avon CofE Primary School,Bramley Way,Bidford-on-Avon,,Alcester,B50 4QG,Open,,,Maintained school,Voluntary controlled school,1,0,0,4,11,Mixed,Church of England,Not applicable
125626,Warwickshire,937,3014,9373014,Brailes CofE Primary School,Lower Brailes,,,Banbury,OX15 5AP,Closed,,31-07-2021,Maintained school,Voluntary controlled school,1,0,0,4,11,Mixed,Church of England,Not applicable
125631,Warwickshire,937,3024,9373024,Ettington CofE Primary School,Churchill Close,Ettington,,Stratford-upon-Avon,CV37 7SP,Open,,,Maintained school,Voluntary controlled school,1,0,0,4,11,Mixed,Church of England,Not applicable
125635,Warwickshire,937,3031,9373031,Hampton Lucy CofE Primary School,Church Street,Hampton Lucy,,Warwick,CV35 8BE,Open,,,Maintained school,Voluntary controlled school,1,0,0,4,11,Mixed,Church of England,Not applicable
125636,Warwickshire,937,3032,9373032,Harbury CofE Primary School,Mill Street,Harbury,,Leamington Spa,CV33 9HR,Open,,,Maintained school,Voluntary controlled school,1,0,0,4,11,Mixed,Church of England,Not applicable
125637,Warwickshire,937,3035,9373035,Ilmington CofE Primary School,Back Street,Ilmington,,Shipston-on-Stour,CV36 4LJ,Open,,,Maintained school,Voluntary controlled school,1,0,0,5,11,Mixed,Church of England,Not applicable
125639,Warwickshire,937,3040,9373040,Loxley CofE Community Primary School,Loxley,,,Warwick,CV35 9JT,Open,,,Maintained school,Voluntary controlled school,1,0,0,4,11,Mixed,Church of England,Not applicable
125640,Warwickshire,937,3041,9373041,Mappleborough Green CofE Primary School,Henley Road,Mappleborough Green,,Studley,B80 7DR,Open,,,Maintained school,Voluntary controlled school,1,0,0,4,11,Mixed,Church of England,Not applicable
125646,Warwickshire,937,3057,9373057,Shottery St Andrew's CofE Primary School,3 Hathaway Lane,,,Stratford-upon-Avon,CV37 9BL,Open,,,Maintained school,Voluntary controlled school,1,0,0,4,11,Mixed,Church of England,Non-selective
125649,Warwickshire,937,3068,9373068,Tysoe CofE Primary School,School Lane,Tysoe,,Warwick,CV35 0SD,Closed,,31-03-2021,Maintained school,Voluntary controlled school,1,0,0,4,11,Mixed,Church of England,Not applicable
125651,Warwickshire,937,3073,9373073,Wellesbourne CofE Primary School,Mountford Close,Wellesbourne,,Warwick,CV35 9QG,Closed,,31-03-2021,Maintained school,Voluntary controlled school,1,0,0,2,11,Mixed,Church of England,Not applicable
125652,Warwickshire,937,3074,9373074,Wootton Wawen CofE Primary School,Alcester Road,Wootton Wawen,,Henley-in-Arden,B95 6AY,Closed,,31-03-2021,Maintained school,Voluntary controlled school,1,0,0,4,11,Mixed,Church of England,Not applicable
125653,Warwickshire,937,3101,9373101,"All Saints CofE Primary School and Nursery, Nuneaton",Knebley Crescent,Hilltop,,Nuneaton,CV10 7AT,Open,,,Maintained school,Voluntary controlled school,1,0,0,3,11,Mixed,Church of England,Not applicable
125654,Warwickshire,937,3103,9373103,Abbey CofE Infant School,Aston Road,,,Nuneaton,CV11 5EL,Open,,,Maintained school,Voluntary controlled school,1,0,0,2,7,Mixed,Church of England,Not applicable
125656,Warwickshire,937,3106,9373106,"St Paul's CofE Primary School, Nuneaton",Wiclif Way,Stockingford,,Nuneaton,CV10 8NH,Open,,,Maintained school,Voluntary controlled school,1,0,0,3,11,Mixed,Church of England,Not applicable
125657,Warwickshire,937,3141,9373141,Bishops Tachbrook CofE Primary School,Kingsley Road,Bishops Tachbrook,,Leamington Spa,CV33 9RY,Open,,,Maintained school,Voluntary controlled school,1,0,0,4,11,Mixed,Church of England,Non-selective
125660,Warwickshire,937,3144,9373144,Cubbington CofE Primary School,Church Hill,Cubbington,,Leamington Spa,CV32 7JY,Open,,,Maintained school,Voluntary controlled school,1,0,0,4,11,Mixed,Church of England,Not applicable
125661,Warwickshire,937,3146,9373146,St Nicholas CofE Primary School,Priory Road,,,Kenilworth,CV8 2PE,Open,,,Maintained school,Voluntary controlled school,1,0,0,4,11,Mixed,Church of England,Not applicable
125662,Warwickshire,937,3147,9373147,Lapworth CofE Primary School,Station Lane,Lapworth,,Solihull,B94 6LT,Open,,,Maintained school,Voluntary controlled school,1,0,0,4,11,Mixed,Church of England,Not applicable
125665,Warwickshire,937,3152,9373152,Radford Semele CofE Primary School,School Lane,Radford Semele,,Leamington Spa,CV31 1TQ,Open,,,Maintained school,Voluntary controlled school,1,0,0,4,11,Mixed,Church of England,Not applicable
125666,Warwickshire,937,3154,9373154,All Saints' CofE Junior School,Nelson Avenue,,,Warwick,CV34 5LY,Open,,,Maintained school,Voluntary controlled school,1,0,0,7,11,Mixed,Church of England,Not applicable
125667,Warwickshire,937,3157,9373157,St. Margaret's CofE Junior School,Coppice Road,Whitnash,,Leamington Spa,CV31 2JF,Open,,,Maintained school,Voluntary controlled school,1,0,0,7,11,Mixed,Church of England,Not applicable
125670,Warwickshire,937,3177,9373177,Clifton-upon-Dunsmore CofE Primary School,Station Road,Clifton-upon-Dunsmore,,Rugby,CV23 0BT,Open,,,Maintained school,Voluntary controlled school,1,0,0,4,11,Mixed,Church of England,Not applicable
125676,Warwickshire,937,3192,9373192,Wolston St Margaret's CofE Primary School,Brookside,Main Street,Wolston,Coventry,CV8 3HH,Open,,,Maintained school,Voluntary controlled school,1,0,0,3,11,Mixed,Church of England,Not applicable
125677,Warwickshire,937,3193,9373193,Wolvey CofE Primary School,Bulkington Road,Wolvey,,Hinckley,LE10 3LA,Open,,,Maintained school,Voluntary controlled school,1,0,0,4,11,Mixed,Church of England,Not applicable
125681,Warwickshire,937,3204,9373204,Holy Trinity CofE Primary School,The Willows North,,,Stratford-upon-Avon,CV37 9QN,Open,,,Maintained school,Voluntary controlled school,1,0,0,4,11,Mixed,Church of England,Not applicable
125682,Warwickshire,937,3205,9373205,Bilton CofE Junior School,Plantagenet Drive,Bilton,,Rugby,CV22 6LB,Open,,,Maintained school,Voluntary controlled school,1,0,0,7,11,Mixed,Church of England,Not applicable
125684,Warwickshire,937,3207,9373207,Shustoke CofE Primary School,Forge Road,Shustoke,Coleshill,Birmingham,B46 2AU,Open,,,Maintained school,Voluntary controlled school,1,0,0,4,11,Mixed,Church of England,Not applicable
125687,Warwickshire,937,3210,9373210,The Ferncumbe CofE Primary School,The Green,Hatton,,Warwick,CV35 7EX,Closed,,31-03-2021,Maintained school,Voluntary controlled school,1,0,0,4,11,Mixed,Church of England,Not applicable
125688,Warwickshire,937,3301,9373301,All Saints Bedworth C/E Primary School & Nursery,The Priors,Off Mitchell Road,,Bedworth,CV12 9HP,Closed,,31-01-2021,Maintained school,Voluntary aided school,1,0,0,3,11,Mixed,Church of England,Non-selective
125689,Warwickshire,937,3302,9373302,The Canons C of E Primary School,Derwent Road,,,Bedworth,CV12 8RT,Open,,,Maintained school,Voluntary aided school,1,0,0,4,11,Mixed,Church of England,Not applicable
125692,Warwickshire,937,3308,9373308,Kineton CofE (VA) Primary School,King John's Road,Kineton,,Warwick,CV35 0HS,Open,,,Maintained school,Voluntary aided school,1,0,0,4,11,Mixed,Church of England,Not applicable
125693,Warwickshire,937,5205,9375205,Moreton Morrell CofE Primary School,Moreton Morrell,,,Warwick,CV35 9AN,Open,,,Maintained school,Foundation school,1,0,0,4,11,Mixed,Church of England,Not applicable
125696,Warwickshire,937,3313,9373313,Wilmcote CofE (Voluntary Aided) Primary School,Church Road,Wilmcote,,Stratford-upon-Avon,CV37 9XD,Open,,,Maintained school,Voluntary aided school,1,0,0,5,11,Mixed,Church of England,Not applicable
125701,Warwickshire,937,3371,9373371,"St Paul's CofE Primary School, Leamington Spa",Upper Holly Walk,,,Leamington Spa,CV32 4JZ,Open,,,Maintained school,Voluntary aided school,1,0,0,3,11,Mixed,Church of England,Not applicable
125703,Warwickshire,937,3391,9373391,Dunchurch Boughton CofE (Voluntary Aided) Junior School,Dew Close,Dunchurch,,Rugby,CV22 6NE,Open,,,Maintained school,Voluntary aided school,1,0,0,7,11,Mixed,Church of England,Not applicable
125707,Warwickshire,937,3503,9373503,St Edward's Catholic Primary School,Packington Lane,Coleshill,,Birmingham,B46 3JE,Closed,,31-03-2021,Maintained school,Voluntary aided school,1,0,0,2,11,Mixed,Roman Catholic,Not applicable
125708,Warwickshire,937,3505,9373505,"St Mary's Catholic Primary School, Southam",Daventry Road,,,Southam,CV47 1PS,Open,,,Maintained school,Voluntary aided school,1,0,0,3,11,Mixed,Roman Catholic,Not applicable
125710,Warwickshire,937,3507,9373507,"St Mary's Catholic Primary School, Studley",Pool Road,,,Studley,B80 7QU,Open,,,Maintained school,Voluntary aided school,1,0,0,4,11,Mixed,Roman Catholic,Not applicable
125713,Warwickshire,937,3541,9373541,St Augustine's Catholic Primary School,Hollis Lane,,,Kenilworth,CV8 2JY,Open,,,Maintained school,Voluntary aided school,1,0,0,4,11,Mixed,Roman Catholic,Not applicable
125714,Warwickshire,937,3542,9373542,St Peter's Catholic Primary School,Augusta Place,,,Leamington Spa,CV32 5EL,Open,,,Maintained school,Voluntary aided school,1,0,0,4,11,Mixed,Roman Catholic,Not applicable
125715,Warwickshire,937,3543,9373543,St Patrick's Catholic Primary School,Cashmore Avenue,,,Leamington Spa,CV31 3EU,Open,,,Maintained school,Voluntary aided school,1,0,0,4,11,Mixed,Roman Catholic,Not applicable
125716,Warwickshire,937,3544,9373544,St Anthony's Catholic Primary School,Sydenham Drive,,,Leamington Spa,CV31 1NJ,Open,,,Maintained school,Voluntary aided school,1,0,0,3,11,Mixed,Roman Catholic,Not applicable
125717,Warwickshire,937,3545,9373545,St Mary Immaculate Catholic Primary School,Wathen Road,,,Warwick,CV34 5BG,Open,,,Maintained school,Voluntary aided school,1,0,0,3,11,Mixed,Roman Catholic,Not applicable
125718,Warwickshire,937,3546,9373546,Our Lady and St Teresa's Catholic Primary School,Windmill Hill,Cubbington,,Leamington Spa,CV32 7LN,Open,,,Maintained school,Voluntary aided school,1,0,0,4,11,Mixed,Roman Catholic,Not applicable
125719,Warwickshire,937,3547,9373547,St Joseph's Catholic Primary School,Rowley Road,Whitnash,,Leamington Spa,CV31 2LJ,Open,,,Maintained school,Voluntary aided school,1,0,0,4,11,Mixed,Roman Catholic,Not applicable
125721,Warwickshire,937,3561,9373561,"Our Lady's Catholic Primary School, Princethorpe",Leamington Road,Princethorpe,,Rugby,CV23 9PU,Open,,,Maintained school,Voluntary aided school,1,0,0,3,11,Mixed,Roman Catholic,Not applicable
125724,Warwickshire,937,3564,9373564,English Martyrs Catholic Primary School,High Street,Hillmorton,,Rugby,CV21 4EE,Open,,,Maintained school,Voluntary aided school,1,0,0,4,11,Mixed,Roman Catholic,Not applicable
125727,Warwickshire,937,3585,9373585,Southam St James (Voluntary Aided) CofE Primary School,Tollgate Road,,,Southam,CV47 1EE,Closed,,30-09-2018,Maintained school,Voluntary aided school,1,0,0,4,11,Mixed,Church of England,Not applicable
125729,Warwickshire,937,3587,9373587,Barford St Peter's CofE Primary School,Church Street,Barford,,Warwick,CV35 8EW,Open,,,Maintained school,Voluntary aided school,1,0,0,4,11,Mixed,Church of England,Not applicable
125734,Warwickshire,937,4110,9374110,Kineton High School,Banbury Road,Kineton,,Warwick,CV35 0JX,Closed,,31-08-2019,Maintained school,Community school,0,1,1,11,18,Mixed,Does not apply,Non-selective
125747,Warwickshire,937,4236,9374236,Kenilworth School and Sixth Form,Leyes Lane,,,Kenilworth,CV8 2DA,Closed,,31-12-2018,Maintained school,Foundation school,0,1,1,11,19,Mixed,None,Non-selective
125756,Warwickshire,937,4752,9374752,Trinity Catholic School,Guy's Cliffe Avenue,,,Leamington Spa,CV32 6NB,Closed,,31-12-2020,Maintained school,Voluntary aided school,0,1,1,11,18,Mixed,Roman Catholic,Non-selective
125760,Warwickshire,937,5201,9375201,Wolverton Primary School,Wolverton Fields,Norton Lindsey,,Warwick,CV35 8JN,Open,,,Maintained school,Foundation school,1,0,0,4,11,Mixed,None,Not applicable
125761,Warwickshire,937,5202,9375202,Middlemarch School,College Street,,,Nuneaton,CV10 7BQ,Open,,,Maintained school,Foundation school,1,0,0,7,11,Mixed,None,Not applicable
125762,Warwickshire,937,5203,9375203,Dunnington CofE Primary School,Dunnington,,,Alcester,B49 5NT,Open,,,Maintained school,Voluntary aided school,1,0,0,4,11,Mixed,Church of England,Not applicable
125763,Warwickshire,937,5204,9375204,Dunchurch Infant School,School Street,Dunchurch,,Rugby,CV22 6PA,Open,,,Maintained school,Foundation school,1,0,0,4,7,Mixed,Church of England,Not applicable
125764,Warwickshire,937,5400,9375400,The Avon Valley School and Performing Arts College,Newbold Road,Newbold-on-Avon,,Rugby,CV21 1EH,Open,,,Maintained school,Foundation school,0,1,0,11,16,Mixed,None,Non-selective
125772,Warwickshire,937,6001,9376001,Crackley Hall School,St Joseph's Park,Coventry Road,,Kenilworth,CV8 2FT,Open,,,Independent school,Other independent school,1,0,0,2,11,Mixed,Catholic,Not applicable
125773,Warwickshire,937,6002,9376002,Bilton Grange School,Dunchurch,,,Rugby,CV22 6QU,Open,,,Independent school,Other independent school,1,1,0,3,14,Mixed,None,Not applicable
125774,Warwickshire,937,6004,9376004,Arnold Lodge School,15-17 Kenilworth Road,,,Leamington Spa,CV32 5TW,Open,,,Independent school,Other independent school,1,1,1,4,18,Mixed,None,Not applicable
125775,Warwickshire,937,6005,9376005,The Kingsley School,Beauchamp Avenue,,,Leamington Spa,CV32 5RD,Open,,,Independent school,Other independent school,1,1,1,2,19,Mixed,None,Selective
125777,Warwickshire,937,6010,9376010,Rugby School,The Bursary,10 Little Church Street,,Rugby,CV21 3AW,Open,,,Independent school,Other independent school,0,1,1,13,18,Mixed,Church of England,Selective
125778,Warwickshire,937,6016,9376016,The Croft Preparatory School,Alveston Hill,Loxley Road,,Stratford-upon-Avon,CV37 7RL,Open,,,Independent school,Other independent school,1,0,0,3,11,Mixed,Christian,Not applicable
125780,Warwickshire,937,6019,9376019,Warwick Preparatory School,Bridge Field,Banbury Road,,Warwick,CV34 6PL,Open,,,Independent school,Other independent school,1,0,0,3,11,Mixed,None,Not applicable
125781,Warwickshire,937,6020,9376020,Warwick School,Myton Road,,,Warwick,CV34 6PP,Open,,,Independent school,Other independent school,1,1,1,7,19,Boys,Christian,Selective
125784,Warwickshire,937,6041,9376041,Crescent School,Bawnmore Road,Bilton,,Rugby,CV22 7QH,Open,,,Independent school,Other independent school,1,0,0,4,11,Mixed,None,Non-selective
125787,Warwickshire,937,6084,9376084,Princethorpe College,Leamington Road,Princethorpe,,Rugby,CV23 9PX,Open,,,Independent school,Other independent school,0,1,1,11,19,Mixed,Roman Catholic,Not applicable
125788,Warwickshire,937,6089,9376089,King's High School,Banbury Road,Warwick,Warwickshire,Warwickshire,CV34 6YE,Open,,,Independent school,Other independent school,1,1,1,10,18,Girls,None,Selective
125789,Warwickshire,937,6091,9376091,Milverton House School,Park Street,Attleborough,,Nuneaton,CV11 4NS,Closed,,06-09-2019,Independent school,Other independent school,1,0,0,2,12,Mixed,None,Non-selective
125790,Warwickshire,937,6092,9376092,Arc School Old Arley,Ansley Lane,Old Arley,,Nuneaton,CV7 8NU,Open,,,Special school,Other independent special school,1,1,0,7,16,Mixed,None,Not applicable
125791,Warwickshire,937,6094,9376094,Stratford Preparatory School,Church House,Old Town,Church House,Stratford-upon-Avon,CV37 6BG,Open,,,Independent school,Other independent school,1,0,0,2,11,Mixed,None,Non-selective
125794,Warwickshire,937,7000,9377000,Exhall Grange Specialist School,Easter Way,Ash Green,,Coventry,CV7 9HP,Open,,,Special school,Community special school,1,1,1,2,19,Mixed,Does not apply,Not applicable
125805,Warwickshire,937,7028,9377028,Evergreen School,Deansway,,,Warwick,CV34 5DF,Open,,,Special school,Community special school,1,1,1,3,19,Mixed,Does not apply,Not applicable
125806,Warwickshire,937,7030,9377030,Round Oak School,Brittain Lane,,,Warwick,CV34 6DX,Closed,,30-08-2020,Special school,Community special school,0,1,1,11,19,Mixed,Does not apply,Not applicable
130379,Warwickshire,937,3216,9373216,The Dassett CofE Primary School,Fenny Compton,,,Southam,CV47 2XU,Open,,,Maintained school,Voluntary controlled school,1,0,0,4,11,Mixed,Church of England,Not applicable
130835,Warwickshire,937,8000,9378000,Warwickshire College Group,Warwick New Road,,,Royal Leamington Spa,CV32 5JE,Open,,,College,Further education,0,0,1,16,99,Mixed,Does not apply,Not applicable
130836,Warwickshire,937,8001,9378001,North Warwickshire and South Leicestershire College,Hinckley Road,,,Nuneaton,CV11 6BH,Open,,,College,Further education,0,0,1,16,99,Mixed,Does not apply,Not applicable
130840,Warwickshire,937,8600,9378600,King Edward VI College Nuneaton,King Edward Road,,,Nuneaton,CV11 4BE,Closed,,31-12-2018,College,Further education,0,0,1,16,99,Mixed,Does not apply,Not applicable
130867,Warwickshire,937,2623,9372623,Coten End Primary School,Coten End,,Coten End Primary School,Warwick,CV34 4NP,Open,,,Maintained school,Community school,1,0,0,4,11,Mixed,Does not apply,Not applicable
130868,Warwickshire,937,2622,9372622,Sydenham Primary School,Calder Walk,Sydenham,,Leamington Spa,CV31 1SA,Open,,,Maintained school,Community school,1,0,0,4,11,Mixed,Does not apply,Not applicable
130869,Warwickshire,937,2621,9372621,Lillington Primary School,Cubbington Road,Lillington,,Leamington Spa,CV32 7AG,Closed,,31-12-2020,Maintained school,Community school,1,0,0,2,11,Mixed,Does not apply,Not applicable
130870,Warwickshire,937,2620,9372620,St John's Primary School,Mortimer Road,,,Kenilworth,CV8 1FS,Open,,,Maintained school,Community school,1,0,0,3,11,Mixed,Does not apply,Not applicable
130872,Warwickshire,937,2638,9372638,Kingsway Community Primary School,Baker Avenue,,,Leamington Spa,CV31 3HB,Closed,,31-12-2020,Maintained school,Community school,1,0,0,4,11,Mixed,Does not apply,Not applicable
130874,Warwickshire,937,3211,9373211,Long Itchington CofE Primary School,Stockton Road,Long Itchington,,Southam,CV47 9QP,Closed,,30-09-2018,Maintained school,Voluntary controlled school,1,0,0,4,11,Mixed,Church of England,Not applicable
130875,Warwickshire,937,3212,9373212,Provost Williams CofE Primary School,Sodens Avenue,Ryton-on-Dunsmore,,Coventry,CV8 3FF,Open,,,Maintained school,Voluntary controlled school,1,0,0,2,11,Mixed,Church of England,Not applicable
130877,Warwickshire,937,3591,9373591,St Andrew's Benn CofE (Voluntary Aided) Primary School,Chester Street,,,Rugby,CV21 3NX,Open,,,Maintained school,Voluntary aided school,1,0,0,3,11,Mixed,Church of England,Not applicable
130878,Warwickshire,937,3593,9373593,The Revel CofE (Aided) Primary School,Brockhurst Lane,,,Rugby,CV23 0RA,Open,,,Maintained school,Voluntary aided school,1,0,0,3,11,Mixed,Church of England,Non-selective
130881,Warwickshire,937,3215,9373215,Bournebrook CofE Primary School,Coventry Road,Fillongley,,Coventry,CV7 8ET,Open,,,Maintained school,Voluntary controlled school,1,0,0,3,11,Mixed,Church of England,Not applicable
130882,Warwickshire,937,3214,9373214,Newbold and Tredington CofE Primary School,Manor Farm Road,Tredington,,Shipston-on-Stour,CV36 4NZ,Open,,,Maintained school,Voluntary controlled school,1,0,0,4,11,Mixed,Church of England,Not applicable
130883,Warwickshire,937,3213,9373213,St Matthew's Bloxam CofE Primary School,Webb Ellis Road,,,Rugby,CV22 7AU,Open,,,Maintained school,Voluntary controlled school,1,0,0,4,11,Mixed,Church of England,Not applicable
130884,Warwickshire,937,3589,9373589,St Lawrence CofE (Voluntary Aided) Primary School,Dog Lane,Napton-on-the-Hill,,Southam,CV47 8LU,Open,,,Maintained school,Voluntary aided school,1,0,0,4,11,Mixed,Church of England,Not applicable
130885,Warwickshire,937,2625,9372625,Paddox Primary School,Fareham Avenue,,,Rugby,CV22 5HS,Open,,,Maintained school,Community school,1,0,0,4,11,Mixed,Does not apply,Not applicable
130886,Warwickshire,937,2626,9372626,Binley Woods Primary School,Coombe Drive,Binley Woods,,Coventry,CV3 2QU,Open,,,Maintained school,Community school,1,0,0,4,11,Mixed,Does not apply,Not applicable
130887,Warwickshire,937,2628,9372628,Hillmorton Primary School,Watts Lane,Hillmorton,,Rugby,CV21 4PE,Open,,,Maintained school,Community school,1,0,0,4,11,Mixed,Does not apply,Not applicable
130889,Warwickshire,937,2629,9372629,Wembrook Primary School,Avenue Road,,,Nuneaton,CV11 4LU,Open,,,Maintained school,Community school,1,0,0,3,11,Mixed,Does not apply,Not applicable
130893,Warwickshire,937,2630,9372630,Arden Forest Infant School,Weston Lane,Bulkington,,Bedworth,CV12 9RT,Open,,,Maintained school,Community school,1,0,0,4,7,Mixed,Does not apply,Not applicable
130894,Warwickshire,937,2631,9372631,Milby Primary School,Milby Drive,,,Nuneaton,CV11 6JS,Open,,,Maintained school,Community school,1,0,0,4,11,Mixed,Does not apply,Not applicable
130895,Warwickshire,937,2632,9372632,Weddington Primary School,Winchester Avenue,,Weddington,Nuneaton,CV10 0DR,Open,,,Maintained school,Community school,1,0,0,4,11,Mixed,Does not apply,Not applicable
130896,Warwickshire,937,2633,9372633,Newdigate Primary and Nursery School,Anderton Road,,,Bedworth,CV12 0HA,Open,,,Maintained school,Community school,1,0,0,4,11,Mixed,Does not apply,Not applicable
130897,Warwickshire,937,2634,9372634,Goodyers End Primary School,Bowling Green Lane,,,Bedworth,CV12 0HP,Open,,,Maintained school,Community school,1,0,0,4,11,Mixed,Does not apply,Not applicable
130898,Warwickshire,937,2635,9372635,Exhall Cedars Infant School,"Exhall Cedars Infant School, Trenance Road",Exhall,,Coventry,CV7 9FJ,Open,,,Maintained school,Community school,1,0,0,4,7,Mixed,Does not apply,Not applicable
130910,Warwickshire,937,3590,9373590,Knightlow CofE Primary School,Hill Crescent,Stretton-on-Dunsmore,,Rugby,CV23 9NF,Open,,,Maintained school,Voluntary aided school,1,0,0,4,11,Mixed,Church of England,Not applicable
130951,Warwickshire,937,2637,9372637,Shrubland Street Community Primary School,Shrubland Street,,Shrubland Street Community School,Leamington Spa,CV31 2AR,Open,,,Maintained school,Community school,1,0,0,3,11,Mixed,Does not apply,Not applicable
132059,Warwickshire,937,2640,9372640,Camp Hill Primary School,Holly Stitches Road,,,Nuneaton,CV10 9QA,Open,,,Maintained school,Community school,1,0,0,3,11,Mixed,Does not apply,Not applicable
134464,Warwickshire,937,6109,9376109,OneSchool Global UK,Long Street,,,Atherstone,CV9 1AE,Open,,,Independent school,Other independent school,1,1,1,6,18,Mixed,Christian,Selective
134614,Warwickshire,937,6104,9376104,Wathen Grange School,Church Walk,Mancetter,,Atherstone,CV9 1PZ,Open,,,Special school,Other independent special school,0,1,0,11,16,Mixed,None,Selective
134924,Warwickshire,937,3596,9373596,Kingsbury Primary School,Bromage Avenue,Kingsbury,,Tamworth,B78 2HW,Open,,,Maintained school,Community school,1,0,0,4,11,Mixed,Does not apply,Not applicable
135309,Warwickshire,937,3597,9373597,Rokeby Primary School,Anderson Avenue,,,Rugby,CV22 5PE,Closed,,31-12-2018,Maintained school,Community school,1,0,0,3,11,Mixed,Does not apply,Not applicable
135418,Warwickshire,937,6106,9376106,Henley-in-Arden Montessori Primary School,The Memorial Hall,,Station Road,Henley-in-Arden,B95 5JP,Open,,,Independent school,Other independent school,1,0,0,4,11,Mixed,None,Not applicable
136043,Warwickshire,937,6107,9376107,House of Light,"The Mosque, Frank Street",,,Nuneaton,CV11 5RB,Closed,,31-12-2019,Independent school,Other independent school,1,0,0,3,12,Mixed,Islam,Not applicable
136061,Warwickshire,937,2083,9372083,Outwoods Primary School,Southlands,,,Atherstone,CV9 1EH,Open,,,Maintained school,Community school,1,0,0,3,11,Mixed,Does not apply,Not applicable
136158,Warwickshire,937,6905,9376905,The Nuneaton Academy,Radnor Drive,,,Nuneaton,CV10 7PD,Open,,,Academy,Academy sponsor led,0,1,0,11,16,Mixed,Does not apply,Non-selective
136459,Warwickshire,937,4112,9374112,The Polesworth School,Dordon Road,Dordon,,Tamworth,B78 1QT,Open,,,Academy,Academy converter,0,1,1,11,18,Mixed,Does not apply,Non-selective
136507,Warwickshire,937,3598,9373598,St Marie's Catholic Primary School and Nursery,Merttens Drive,,,Rugby,CV22 7AF,Open,,,Maintained school,Voluntary aided school,1,0,0,3,11,Mixed,Roman Catholic,Not applicable
136510,Warwickshire,937,6108,9376108,Northleigh House School,Northleigh House,Five Ways Road,Hatton,Warwick,CV35 7HZ,Open,,,Independent school,Other independent school,1,1,1,4,19,Mixed,None,Not applicable
136587,Warwickshire,937,4241,9374241,Ashlawn School,Ashlawn Road,Hillmorton,,Rugby,CV22 5ET,Open,,,Academy,Academy converter,0,1,1,11,18,Mixed,Does not apply,Non-selective
136595,Warwickshire,937,5406,9375406,Rugby High School,Longrood Road,,,Rugby,CV22 7RE,Open,,,Academy,Academy converter,0,1,1,11,18,Girls,None,Selective
136622,Warwickshire,937,5407,9375407,Alcester Grammar School,Birmingham Road,,,Alcester,B49 5ED,Open,,,Academy,Academy converter,0,1,1,11,18,Mixed,None,Selective
136786,Warwickshire,937,5408,9375408,Studley High School,Crooks Lane,,,Studley,B80 7QX,Open,,,Academy,Academy converter,0,1,0,11,16,Mixed,None,Non-selective
136907,Warwickshire,937,5403,9375403,Myton School,Myton Road,,,Warwick,CV34 6PJ,Open,,,Academy,Academy converter,0,1,1,11,18,Mixed,None,Non-selective
136986,Warwickshire,937,4233,9374233,The Coleshill School,Coventry Road,Coleshill,,Birmingham,B46 3EX,Open,,,Academy,Academy converter,0,1,1,11,18,Mixed,Does not apply,Non-selective
136991,Warwickshire,937,4108,9374108,Henley In Arden School,Stratford Road,,,Henley-in-Arden,B95 6AF,Open,,,Academy,Academy converter,0,1,0,11,16,Mixed,Does not apply,Non-selective
137079,Warwickshire,937,4000,9374000,The George Eliot School,Raveloe Drive,,,Nuneaton,CV11 4QP,Open,,,Academy,Academy sponsor led,0,1,0,11,16,Mixed,None,Non-selective
137172,Warwickshire,937,4240,9374240,Alcester Academy,Gerard Road,,,Alcester,B49 6QQ,Open,,,Academy,Academy converter,0,1,0,11,16,Mixed,Does not apply,Non-selective
137235,Warwickshire,937,4002,9374002,Stratford Girls' Grammar School,Shottery Manor,,,Stratford-upon-Avon,CV37 9HA,Open,,,Academy,Academy converter,0,1,1,11,18,Girls,Does not apply,Selective
137236,Warwickshire,937,4124,9374124,Stratford Upon Avon School,Alcester Road,,,Stratford-upon-Avon,CV37 9DH,Open,,,Academy,Academy converter,0,1,1,11,18,Mixed,Does not apply,Non-selective
137302,Warwickshire,937,4601,9374601,King Edward VI School,Chapel Lane,,,Stratford-upon-Avon,CV37 6BE,Open,,,Academy,Academy converter,0,1,1,11,18,Boys,None,Selective
137488,Warwickshire,937,2000,9372000,The Priors School,School Lane,Priors Marston,,Southam,CV47 7RR,Open,,,Academy,Free schools,1,0,0,4,11,Mixed,None,Not applicable
137597,Warwickshire,937,6000,9376000,Values Academy,Grove Road,,Stockingford,Nuneaton,CV10 8JX,Open,,,Special school,Other independent special school,0,1,1,11,18,Mixed,None,Not applicable
137766,Warwickshire,937,4192,9374192,Campion School,Sydenham Drive,,,Leamington Spa,CV31 1QH,Open,,,Academy,Academy converter,0,1,1,11,18,Mixed,Does not apply,Non-selective
137767,Warwickshire,937,4153,9374153,Higham Lane School,Shanklin Drive,,,Nuneaton,CV10 0BJ,Open,,,Academy,Academy converter,0,1,1,11,18,Mixed,Does not apply,Non-selective
137770,Warwickshire,937,4190,9374190,Aylesford School Warwick,Tapping Way,,,Warwick,CV34 6XR,Open,,,Academy,Academy converter,1,1,1,4,18,Mixed,Does not apply,Non-selective
137771,Warwickshire,937,4004,9374004,Etone College,Leicester Road,,,Nuneaton,CV11 6AA,Open,,,Academy,Academy converter,0,1,1,11,18,Mixed,Does not apply,Non-selective
137781,Warwickshire,937,5401,9375401,Ash Green School,Ash Green Lane,Ash Green,,Coventry,CV7 9AH,Open,,,Academy,Academy converter,0,1,1,11,18,Mixed,None,Non-selective
137989,Warwickshire,937,2424,9372424,Henry Hinde Infant School,Grenville Close,Bilton,,Rugby,CV22 7JQ,Open,,,Academy,Academy converter,1,0,0,4,7,Mixed,Does not apply,Not applicable
138431,Warwickshire,937,2003,9372003,Race Leys Junior School,Barton Road,,,Bedworth,CV12 8HG,Open,,,Academy,Academy sponsor led,1,0,0,7,11,Mixed,None,Not applicable
138644,Warwickshire,937,5402,9375402,Hartshill School,Church Road,Hartshill,,Nuneaton,CV10 0NA,Open,,,Academy,Academy converter,0,1,0,11,16,Mixed,None,Non-selective
138767,Warwickshire,937,4113,9374113,Shipston High School,Darlingscote Road,,,Shipston-on-Stour,CV36 4DY,Open,,,Academy,Academy converter,0,1,0,11,16,Mixed,Does not apply,Non-selective
138909,Warwickshire,937,3311,9373311,Tanworth-in-Arden CofE Primary School,The Green,Tanworth-in-Arden,,Solihull,B94 5AJ,Open,,,Academy,Academy converter,1,0,0,5,11,Mixed,Church of England,Not applicable
138912,Warwickshire,937,2010,9372010,Dordon Primary School,Roman Way,Dordon,,Tamworth,B78 1PJ,Open,,,Academy,Academy sponsor led,1,0,0,4,11,Mixed,None,Not applicable
138914,Warwickshire,937,2006,9372006,Riverside Academy,Newbold Road,Newbold-on-Avon,,Rugby,CV21 1EH,Open,,,Academy,Academy sponsor led,1,0,0,4,11,Mixed,None,Not applicable
138915,Warwickshire,937,2008,9372008,Oakfield Primary Academy,Oakfield Road,,,Rugby,CV22 6AU,Open,,,Academy,Academy sponsor led,1,0,0,3,11,Mixed,None,Not applicable
138934,Warwickshire,937,2619,9372619,Birchwood Primary School,Birchwood Avenue,Dordon,,Tamworth,B78 1QU,Open,,,Academy,Academy converter,1,0,0,4,11,Mixed,Does not apply,Not applicable
139127,Warwickshire,937,2011,9372011,The Nethersole CofE Academy,High Street,Polesworth,,Tamworth,B78 1DZ,Open,,,Academy,Academy sponsor led,1,0,0,2,11,Mixed,Church of England,Not applicable
139419,Warwickshire,937,6024,9376024,Independent Educational Services,100 Cross Street,Stockingford,,Nuneaton,CV10 8JH,Closed,,31-07-2021,Special school,Other independent special school,1,1,1,8,19,Mixed,None,Not applicable
139468,Warwickshire,937,7002,9377002,Oak Wood Primary School,Morris Drive,,,Nuneaton,CV11 4QH,Open,,,Special school,Academy special converter,1,0,0,2,11,Mixed,Does not apply,Not applicable
139469,Warwickshire,937,7046,9377046,Oak Wood Secondary School,Morris Drive,,,Nuneaton,CV11 4QH,Open,,,Special school,Academy special converter,0,1,1,11,19,Mixed,Does not apply,Not applicable
139518,Warwickshire,937,3595,9373595,St Nicholas CofE Primary,St Faith's Road,,,Alcester,B49 6AG,Open,,,Academy,Academy converter,1,0,0,4,11,Mixed,Church of England,Not applicable
139913,Warwickshire,937,2012,9372012,Arley Primary School,Gun Hill,New Arley,,Coventry,CV7 8HB,Open,,,Maintained school,Community school,1,0,0,3,11,Mixed,Does not apply,Not applicable
139919,Warwickshire,937,6006,9376006,Keresley College,Bennetts Road North,Keresley End,Coventry,Warwickshire,CV7 8LA,Open,,,Special school,Other independent special school,0,1,0,14,16,Mixed,None,Not applicable
139936,Warwickshire,937,4003,9374003,Nicholas Chamberlaine School,Bulkington Road,,,Bedworth,CV12 9EA,Open,,,Academy,Academy sponsor led,0,1,1,11,18,Mixed,Does not apply,Non-selective
139937,Warwickshire,937,4005,9374005,The Queen Elizabeth Academy,Witherley Road,,,Atherstone,CV9 1LZ,Open,,,Academy,Academy sponsor led,0,1,0,11,16,Mixed,None,Non-selective
140004,Warwickshire,937,2015,9372015,Park Lane Primary School,Park Lane,,,Nuneaton,CV10 8NL,Open,,,Academy,Academy sponsor led,1,0,0,3,11,Mixed,Does not apply,Not applicable
140125,Warwickshire,937,3007,9373007,Austrey CofE Primary School,St Nicholas Close,Austrey,,Atherstone,CV9 3EQ,Open,,,Academy,Academy converter,1,0,0,4,11,Mixed,Church of England,Not applicable
140127,Warwickshire,937,3594,9373594,Cawston Grange Primary School,Scholars Drive,Cawston,,Rugby,CV22 7GU,Open,,,Academy,Academy converter,1,0,0,4,11,Mixed,Does not apply,Not applicable
140135,Warwickshire,937,2059,9372059,Henley-In-Arden CofE Primary School,Arden Road,,,Henley-in-Arden,B95 5FT,Open,,,Academy,Academy converter,1,0,0,2,11,Mixed,Church of England,Not applicable
140139,Warwickshire,937,3047,9373047,Newton Regis CofE Primary School,Austrey Lane,Newton Regis,,Tamworth,B79 0NL,Open,,,Academy,Academy converter,1,0,0,3,11,Mixed,Church of England,Not applicable
140152,Warwickshire,937,3072,9373072,Warton Nethersole's CofE Primary School,Maypole Road,Warton,,Tamworth,B79 0HP,Open,,,Academy,Academy converter,1,0,0,2,11,Mixed,Church of England,Not applicable
140153,Warwickshire,937,2642,9372642,Woodside CofE Primary School,Maypole Lane,Grendon,,Atherstone,CV9 2BS,Open,,,Academy,Academy converter,1,0,0,4,11,Mixed,Church of England,Not applicable
140198,Warwickshire,937,2019,9372019,Racemeadow Primary Academy,Ratcliffe Road,,,Atherstone,CV9 1LT,Open,,,Academy,Academy sponsor led,1,0,0,4,11,Mixed,Does not apply,Not applicable
140354,Warwickshire,937,6008,9376008,Avon Park School,St John's Avenue,,,Rugby,CV22 5HR,Open,,,Special school,Other independent special school,1,1,0,6,16,Mixed,None,Not applicable
140371,Warwickshire,937,4006,9374006,Harris Church of England Academy,Harris Drive,Overslade Lane,,Rugby,CV22 6EA,Open,,,Academy,Academy sponsor led,0,1,0,11,16,Mixed,Church of England,Non-selective
140372,Warwickshire,937,2022,9372022,Henry Hinde Junior School,Cornwallis Road,Bilton,,Rugby,CV22 7HN,Open,,,Academy,Academy sponsor led,1,0,0,7,11,Mixed,Does not apply,Not applicable
140418,Warwickshire,937,2023,9372023,Wood End Primary School,Wood Street,Wood End,,Atherstone,CV9 2QL,Open,,,Academy,Academy sponsor led,1,0,0,3,11,Mixed,Does not apply,Not applicable
140419,Warwickshire,937,2025,9372025,Queen's Church of England Academy,Bentley Road,,,Nuneaton,CV11 5LR,Open,,,Academy,Academy sponsor led,1,0,0,7,11,Mixed,Church of England,Not applicable
140530,Warwickshire,937,5200,9375200,"Tudor Grange Primary Academy, Haselor",Haselor,,,Alcester,B49 6LU,Open,,,Academy,Academy converter,1,0,0,3,11,Mixed,None,Not applicable
140654,Warwickshire,937,7003,9377003,Discovery Academy,Vernons Lane,,,Nuneaton,CV11 5SS,Open,,,Special school,Academy special sponsor led,1,1,1,9,19,Mixed,None
140694,Warwickshire,937,2026,9372026,St James' CofE Academy,Barbridge Road,Bulkington,,Bedworth,CV12 9PF,Open,,,Academy,Academy sponsor led,1,0,0,7,11,Mixed,Church of England,Not applicable
140878,Warwickshire,937,3592,9373592,St Nicolas CofE Academy,Windermere Avenue,,,Nuneaton,CV11 6HJ,Open,,,Academy,Academy converter,1,0,0,4,11,Mixed,Church of England,Not applicable
141000,Warwickshire,937,2027,9372027,Studley St Mary's CofE Academy,New Road,,,Studley,B80 7ND,Open,,,Academy,Academy sponsor led,1,0,0,7,11,Mixed,Church of England,Not applicable
141007,Warwickshire,937,6011,9376011,Arc School Napton,Vicarage Road,Napton-On-The-Hill,Nr Southam,Warwickshire,CV47 8NA,Open,,,Special school,Other independent special school,1,0,0,5,11,Mixed,None,Not applicable
141008,Warwickshire,937,6012,9376012,Arc School Ansley,Ansley Lane,,Ansley,Nuneaton,CV10 9ND,Open,,,Special school,Other independent special school,0,1,1,11,17,Mixed,None,Not applicable
141244,Warwickshire,937,2033,9372033,Budbrooke Primary School,Styles Close,Hampton Magna,,Warwick,CV35 8TP,Open,,,Academy,Academy sponsor led,1,0,0,4,11,Mixed,Does not apply,Not applicable
141277,Warwickshire,937,4620,9374620,Lawrence Sheriff School,Clifton Road,,,Rugby,CV21 3AG,Open,,,Academy,Academy converter,0,1,1,11,18,Boys,None,Selective
141280,Warwickshire,937,2639,9372639,Acorns Primary School,School Close,Long Compton,,Shipston-on-Stour,CV36 5LA,Open,,,Academy,Academy converter,1,0,0,3,11,Mixed,Does not apply,Not applicable
141281,Warwickshire,937,5206,9375206,Shipston-on-Stour Primary School,Station Road,,,Shipston-on-Stour,CV36 4BT,Open,,,Academy,Academy converter,1,0,0,4,11,Mixed,None,Not applicable
141743,Warwickshire,937,2034,9372034,Keresley Newland Primary Academy,Grove Lane,Keresley End,,Coventry,CV7 8JZ,Closed,,30-11-2018,Academy,Academy sponsor led,1,0,0,3,11,Mixed,Does not apply,Not applicable
141747,Warwickshire,937,2035,9372035,St Anne's Catholic Academy,Camp Hill Drive,,,Nuneaton,CV10 0JX,Open,,,Academy,Academy sponsor led,1,0,0,3,11,Mixed,Roman Catholic,Not applicable
141812,Warwickshire,937,3501,9373501,St Benedict's Catholic Primary Academy,Church Walk,,,Atherstone,CV9 1PS,Open,,,Academy,Academy converter,1,0,0,4,11,Mixed,Roman Catholic,Not applicable
141817,Warwickshire,937,3502,9373502,St Francis Catholic  Academy,Rye Piece Ringway,,,Bedworth,CV12 8JN,Open,,,Academy,Academy converter,1,0,0,4,11,Mixed,Roman Catholic,Not applicable
141823,Warwickshire,937,3584,9373584,Our Lady & St. Joseph Catholic Academy,Riversley Park,Coton Road,,Nuneaton,CV11 5TY,Open,,,Academy,Academy converter,1,0,0,3,11,Mixed,Roman Catholic,Not applicable
141836,Warwickshire,937,4803,9374803,St Thomas More Catholic School and Sixth Form College,Greenmoor Road,,,Nuneaton,CV10 7EX,Open,,,Academy,Academy converter,0,1,1,11,18,Mixed,Roman Catholic,Non-selective
141855,Warwickshire,937,5207,9375207,Woodloes Primary School,Deansway,Woodloes Park Estate,,Warwick,CV34 5DF,Open,,,Academy,Academy converter,1,0,0,3,11,Mixed,Does not apply,Not applicable
141936,Warwickshire,937,2038,9372038,Rugby Free Primary School,Bailey Road,Central Park,,Rugby,CV23 0PD,Open,,,Academy,Free schools,1,0,0,4,11,Mixed,None
142021,Warwickshire,937,2039,9372039,St Michael's Church of England Academy,Hazel Grove,,,Bedworth,CV12 9DA,Open,,,Academy,Academy sponsor led,1,0,0,3,11,Mixed,Church of England,Not applicable
142022,Warwickshire,937,2041,9372041,St Oswald's CofE Academy,Addison Road,,,Rugby,CV22 7DJ,Open,,,Academy,Academy sponsor led,1,0,0,3,11,Mixed,Church of England,Not applicable
142149,Warwickshire,937,3180,9373180,Leamington Hastings Church of England Academy,"Birdingbury Road,  Hill",Leamington Hastings,,Rugby,CV23 8EA,Open,,,Academy,Academy converter,1,0,0,4,7,Mixed,Church of England,Not applicable
142202,Warwickshire,937,4237,9374237,North Leamington School,Sandy Lane,Blackdown,,Leamington Spa,CV32 6RD,Open,,,Academy,Academy converter,0,1,1,11,18,Mixed,Does not apply,Non-selective
142581,Warwickshire,937,2042,9372042,Stratford-Upon-Avon Primary School,Broad Street,,,Stratford-upon-Avon,CV37 6HN,Open,,,Academy,Academy sponsor led,1,0,0,4,11,Mixed,Does not apply,Not applicable
142881,Warwickshire,937,4009,9374009,Rugby Free Secondary School,Anderson Avenue,,,Rugby,CV22 5PE,Open,,,Academy,Free schools,0,1,1,11,19,Mixed,None
143497,Warwickshire,937,2049,9372049,Stockton Primary School,School Street,Stockton,,Southam,CV47 8JE,Open,,,Academy,Academy converter,1,0,0,4,11,Mixed,Does not apply,Not applicable
143631,Warwickshire,937,3508,9373508,St Mary's Catholic Primary School,Arden Road,,,Henley-in-Arden,B95 5LT,Open,,,Academy,Academy converter,1,0,0,4,11,Mixed,Roman Catholic,Not applicable
143632,Warwickshire,937,3500,9373500,Our Lady's Catholic Primary School,St Faith's Road,,,Alcester,B49 6AG,Open,,,Academy,Academy converter,1,0,0,4,11,Mixed,Roman Catholic,Not applicable
143633,Warwickshire,937,3506,9373506,St Gregory's Catholic Primary School,Avenue Road,,,Stratford-upon-Avon,CV37 6UZ,Open,,,Academy,Academy converter,1,0,0,4,11,Mixed,Roman Catholic,Not applicable
143634,Warwickshire,937,4730,9374730,St Benedict's Catholic High School,Kinwarton Road,,,Alcester,B49 6PX,Open,,,Academy,Academy converter,0,1,1,11,18,Mixed,Roman Catholic,Non-selective
143707,Warwickshire,937,4010,9374010,Houlton School,Signal Drive,Houlton,Rugby,"Warwickshire, Cv23 1ed",,Open,01-09-2021,,Academy,Free schools,0,1,1,11,18,Mixed,None,Non-selective
143905,Warwickshire,937,4114,9374114,Southam College,Welsh Road West,,,Southam,CV47 0JW,Open,,,Academy,Academy converter,0,1,1,11,18,Mixed,Does not apply,Non-selective
143906,Warwickshire,937,2624,9372624,Southam Primary School,St James Road,,,Southam,CV47 0QB,Open,,,Academy,Academy converter,1,0,0,4,11,Mixed,Does not apply,Not applicable
144071,Warwickshire,937,2054,9372054,St Gabriel's CofE Academy,Houlton Way,Houlton,,Rugby,CV23 1AN,Open,,,Academy,Free schools,1,0,0,4,11,Mixed,Church of England,Non-selective
144242,Warwickshire,937,2014,9372014,Bishops Itchington Primary School,Ladbroke Road,Bishops Itchington,,Southam,CV47 2RN,Open,,,Academy,Academy converter,1,0,0,4,11,Mixed,Does not apply,Not applicable
144633,Warwickshire,937,7005,9377005,Venture Academy,Stratford Road,,,Henley-in-Arden,B95 6AD,Open,,,Special school,Academy special sponsor led,1,1,0,9,16,Mixed,Does not apply,Not applicable
144648,Warwickshire,937,2056,9372056,Heathcote Primary School,Vickers Way,Heathcote,,Warwick,CV34 7AP,Open,,,Academy,Free schools,1,0,0,4,11,Mixed,None
144764,Warwickshire,937,7006,9377006,Quest Academy,Anderson Avenue,,,Rugby,CV22 5PE,Open,,,Special school,Free schools special,1,1,1,7,19,Mixed,None
144966,Warwickshire,937,6014,9376014,Independent Educational Services,33 Long Street,Atherstone,Warwickshire,,CV9 1AY,Closed,,15-09-2020,Special school,Other independent special school,1,1,1,10,17,Mixed,None,Not applicable
145019,Warwickshire,937,4012,9374012,Kingsbury School - A Specialist Science and Mathematics Academy,Tamworth Road,Kingsbury,,Tamworth,B78 2LF,Open,,,Academy,Academy sponsor led,0,1,0,11,16,Mixed,None,Non-selective
145174,Warwickshire,937,8600,9378600,King Edward VI College,King Edward Road,,,Nuneaton,CV11 4BE,Open,01-01-2019,,Academy,Academy 16-19 converter,0,0,1,16,99,Mixed,Does not apply,Not applicable
145200,Warwickshire,937,7023,9377023,Brooke School,Overslade Lane,,,Rugby,CV22 6DY,Open,,,Special school,Academy special converter,1,1,1,2,19,Mixed,Does not apply,Not applicable
145224,Warwickshire,937,7047,9377047,Woodlands,Packington Lane,Coleshill,,Birmingham,B46 3JE,Open,,,Special school,Academy special converter,1,1,1,2,19,Mixed,Does not apply,Not applicable
145391,Warwickshire,937,3143,9373143,Burton Green Church of England Academy,Hob Lane,Burton Green,Warwick Road,Leek Wootton,CV8 1QB,Open,,,Academy,Academy converter,1,0,0,4,11,Mixed,Church of England,Not applicable
145392,Warwickshire,937,3588,9373588,All Saints Church of England Academy,Warwick Road,Leek Wootton,Warwick Road,Leek Wootton,CV35 7QR,Open,,,Academy,Academy converter,1,0,0,4,11,Mixed,Church of England,Not applicable
145393,Warwickshire,937,3597,9373597,Rokeby Primary School,Anderson Avenue,,,Rugby,CV22 5PE,Open,01-01-2019,,Academy,Academy converter,1,0,0,3,11,Mixed,Does not apply,Not applicable
145415,Warwickshire,937,2057,9372057,Salford Priors CofE Academy,School Road,Salford Priors,,Evesham,WR11 8XD,Open,,,Academy,Academy sponsor led,1,0,0,5,11,Mixed,Church of England,Not applicable
145470,Warwickshire,937,6015,9376015,Brickyard Barn Outdoor Learning Centre,Brickyard Barn,Mallory Road,Bishops Tachbrook,,CV33 9QD,Open,,,Special school,Other independent special school,1,1,1,9,19,Mixed,None,Not applicable
145486,Warwickshire,937,7044,9377044,Welcombe Hills School,Blue Cap Road,,,Stratford-upon-Avon,CV37 6TQ,Open,,,Special school,Academy special converter,1,1,1,2,19,Mixed,Does not apply,Not applicable
145575,Warwickshire,937,4014,9374014,Bilton School,Lawford Lane,,,Rugby,CV22 7JT,Open,,,Academy,Academy sponsor led,0,1,1,11,18,Mixed,None
145711,Warwickshire,937,3021,9373021,Coughton CofE Primary School,Coughton Lane,Coughton,,Alcester,B49 5HN,Open,,,Academy,Academy converter,1,0,0,4,11,Mixed,Church of England,Not applicable
145712,Warwickshire,937,3066,9373066,Temple Grafton CofE Primary School,Temple Grafton,Church Bank,,Alcester,B49 6NU,Open,,,Academy,Academy converter,1,0,0,4,11,Mixed,Church of England,Not applicable
145853,Warwickshire,937,2060,9372060,Kingsway Community Primary School,Baker Avenue,,,Leamington Spa,CV31 3HB,Open,01-01-2021,,Academy,Academy sponsor led,1,0,0,4,11,Mixed,Does not apply,Not applicable
146149,Warwickshire,937,3211,9373211,Long Itchington CofE Academy,Stockton Road,Long Itchington,,Southam,CV47 9QP,Open,01-10-2018,,Academy,Academy converter,1,0,0,4,11,Mixed,Church of England,Not applicable
146151,Warwickshire,937,3585,9373585,Southam St James CofE Academy,Tollgate Road,,,Southam,CV47 1EE,Open,01-10-2018,,Academy,Academy converter,1,0,0,4,11,Mixed,Church of England,Not applicable
146171,Warwickshire,937,3586,9373586,Coleshill Church of England Primary School,Wingfield Road,Coleshill,,Birmingham,B46 3LL,Open,,,Academy,Academy converter,1,0,0,2,11,Mixed,Church of England,Not applicable
146199,Warwickshire,937,2065,9372065,Keresley Newland Primary Academy,Grove Lane,Keresley End,,Coventry,CV7 8JZ,Open,01-12-2018,,Academy,Academy sponsor led,1,0,0,3,11,Mixed,None
146457,Warwickshire,937,2502,9372502,Curdworth Primary School,Farthing Lane,Curdworth,,Sutton Coldfield,B76 9HF,Open,01-11-2018,,Academy,Academy converter,1,0,0,4,11,Mixed,Does not apply,Not applicable
146691,Warwickshire,937,2610,9372610,Temple Herdewyke Primary School,Falkland Place,Temple Herdewyke,,Southam,CV47 2UD,Open,01-02-2019,,Academy,Academy converter,1,0,0,4,11,Mixed,Does not apply,Not applicable
146697,Warwickshire,937,4236,9374236,Kenilworth School and Sixth Form,Leyes Lane,,,Kenilworth,CV8 2DA,Open,01-01-2019,,Academy,Academy converter,0,1,1,11,19,Mixed,None,Non-selective
147078,Warwickshire,937,2067,9372067,Lower Farm Academy,Milking Lane,,,Nuneaton,CV10 0FG,Open,02-09-2019,,Academy,Free schools,1,0,0,2,11,Mixed,,Non-selective
147090,Warwickshire,937,2068,9372068,Tudor Grange Primary Academy Meon Vale,Bailey Avenue,Meon Vale,,Stratford-upon-Avon,CV37 8QR,Open,02-09-2019,,Academy,Free schools,1,0,0,3,11,Mixed,,Non-selective
147164,Warwickshire,937,2069,9372069,Stockingford Academy,Cross Street,,,Nuneaton,CV10 8JH,Open,01-09-2019,,Academy,Academy sponsor led,1,0,0,4,11,Mixed,Does not apply,Not applicable
147186,Warwickshire,937,6023,9376023,Independent Educational Services - Central,"Unit 4, Honor Built Works, 96 Central Avenue",,,Nuneaton,CV11 5BB,Closed,11-09-2019,28-02-2020,Special school,Other independent special school,0,1,1,11,17,Mixed
147432,Warwickshire,937,4110,9374110,Kineton High School,Banbury Road,Kineton,,Warwick,CV35 0JX,Open,01-09-2019,,Academy,Academy converter,0,1,1,11,18,Mixed,Does not apply,Non-selective
147642,Warwickshire,937,2071,9372071,Lillington Primary School,Cubbington Road,Lillington,,Leamington Spa,CV32 7AG,Open,01-01-2021,,Academy,Academy sponsor led,1,0,0,2,11,Mixed,Does not apply,Not applicable
148032,Warwickshire,937,6028,9376028,VLC,St Margarets Centre,103 Whitnash Road,Leamington,,CV31 2HB,Open,08-10-2020,,Independent school,Other independent school,1,1,0,9,16,Mixed
148051,Warwickshire,937,6031,9376031,ALP Nuneaton,Holman Way,Nuneaton,,,CV11 4PN,Open,14-01-2021,,Special school,Other independent special school,1,1,1,6,19,Mixed
148125,Warwickshire,937,3503,9373503,St Edward's Catholic Primary School,Packington Lane,Coleshill,,Birmingham,B46 3JE,Open,01-04-2021,,Academy,Academy converter,1,0,0,2,11,Mixed,Roman Catholic,Not applicable
148243,Warwickshire,937,6033,9376033,The Secret Garden,"Shustoke Hall, Moathouse Lane",Shustoke,,Birmingham,B46 2RJ,Open,02-03-2021,,Independent school,Other independent school,1,1,0,7,14,Mixed
148319,Warwickshire,937,3301,9373301,All Saints Bedworth CofE Academy,The Priors,Off Mitchell Road,,Bedworth,CV12 9HP,Open,01-02-2021,,Academy,Academy converter,1,0,0,3,11,Mixed,Church of England,Non-selective
148362,Warwickshire,937,4752,9374752,Trinity Catholic School,Guy's Cliffe Avenue,,,Leamington Spa,CV32 6NB,Open,01-01-2021,,Academy,Academy converter,0,1,1,11,18,Mixed,Roman Catholic,Non-selective
148398,Warwickshire,937,6034,9376034,Mill House School,"Riverside Studios, Coventry Road",,,Kingsbury,B78 2NP,Open,26-04-2021,,Special school,Other independent special school,0,1,1,11,19,Mixed
148511,Warwickshire,937,2055,9372055,Studley Infants' School,High Street,,,Studley,B80 7HJ,Open,01-04-2021,,Academy,Academy converter,1,0,0,3,7,Mixed,Does not apply,Not applicable
148512,Warwickshire,937,3068,9373068,Tysoe CofE Primary School,School Lane,Tysoe,,Warwick,CV35 0SD,Open,01-04-2021,,Academy,Academy converter,1,0,0,4,11,Mixed,Church of England,Not applicable
148513,Warwickshire,937,3073,9373073,Wellesbourne CofE Primary School,Mountford Close,Wellesbourne,,Warwick,CV35 9QG,Open,01-04-2021,,Academy,Academy converter,1,0,0,2,11,Mixed,Church of England,Not applicable
148514,Warwickshire,937,3074,9373074,Wootton Wawen CofE Primary School,Alcester Road,Wootton Wawen,,Henley-in-Arden,B95 6AY,Open,01-04-2021,,Academy,Academy converter,1,0,0,4,11,Mixed,Church of England,Not applicable
148515,Warwickshire,937,3210,9373210,The Ferncumbe CofE Primary School,The Green,Hatton,,Warwick,CV35 7EX,Open,01-04-2021,,Academy,Academy converter,1,0,0,4,11,Mixed,Church of England,Not applicable
148676,Warwickshire,937,3014,9373014,Brailes Church of England Primary School,Lower Brailes,,,Banbury,OX15 5AP,Open,01-08-2021,,Academy,Academy converter,1,0,0,3,11,Mixed,Church of England,Not applicable
148732,Warwickshire,937,6035,9376035,Emscote School,Nelson Lane,Nelson Lane Industrial Estate,,Warwick,CV34 5JB,Open,15-09-2021,,Independent school,Other independent school,0,1,0,11,16,Mixed